Variável 1,Variável 2,Correlação
CLASSE_PARIDADE_MULTIPARAS,CLASSE_PARIDADE_PRIMIPARAS,-1.0
CLASSE_PARIDADE_PRIMIPARAS,CLASSE_PARIDADE_MULTIPARAS,-1.0
CONVENIO_SUS,CONVENIO_Particular,-1.0
CONVENIO_Particular,CONVENIO_SUS,-1.0
DESFECHO_NEONATAL_RN_NATIMORTO,DESFECHO_NEONATAL_RN_NASCIDO VIVO,-1.0
DESFECHO_NEONATAL_RN_NASCIDO VIVO,DESFECHO_NEONATAL_RN_NATIMORTO,-1.0
SEXO_RN_MASCULINO,SEXO_RN_FEMININO,-1.0
SEXO_RN_FEMININO,SEXO_RN_MASCULINO,-1.0
TIPO_PARTO_CESAREO,TIPO_PARTO_VAGINAL,-0.9899545418868984
TIPO_PARTO_VAGINAL,TIPO_PARTO_CESAREO,-0.9899545418868984
ETNIA_BRANCA,ETNIA_PARDA,-0.9116260508223195
ETNIA_PARDA,ETNIA_BRANCA,-0.9116260508223195
CATEGORIA_KESSNER_ADEQUADO,CATEGORIA_KESSNER_INTERMEDIÁRIO,-0.8119263771014816
CATEGORIA_KESSNER_INTERMEDIÁRIO,CATEGORIA_KESSNER_ADEQUADO,-0.8119263771014816
CATEGORIA_PREMATURIDADE_GRAVE (28+0 - 31+6),CATEGORIA_PREMATURIDADE_TARDIA (32 - 36+6),-0.6951288616989839
CATEGORIA_PREMATURIDADE_TARDIA (32 - 36+6),CATEGORIA_PREMATURIDADE_GRAVE (28+0 - 31+6),-0.6951288616989839
CUIDADOS_PERINATAIS_RN_UTIN,MECANISMO_RESPIRATORIO_RN_AR AMBIENTE,-0.6795694674453758
MECANISMO_RESPIRATORIO_RN_AR AMBIENTE,CUIDADOS_PERINATAIS_RN_UTIN,-0.6795694674453758
TIPO_DE_GESTACAO_GEMELARES DI/DI,TIPO_DE_GESTACAO_UNICA,-0.6791205504371308
TIPO_DE_GESTACAO_UNICA,TIPO_DE_GESTACAO_GEMELARES DI/DI,-0.6791205504371308
FAIXA_ETARIA_ADULTO JOVEM (20-34),FAIXA_ETARIA_MEIA IDADE INICIAL (35-39),-0.6713848194274099
FAIXA_ETARIA_MEIA IDADE INICIAL (35-39),FAIXA_ETARIA_ADULTO JOVEM (20-34),-0.6713848194274099
CATEGORIA_PREMATURIDADE_EXTREMO (< 28),CATEGORIA_PREMATURIDADE_TARDIA (32 - 36+6),-0.6602252917735247
CATEGORIA_PREMATURIDADE_TARDIA (32 - 36+6),CATEGORIA_PREMATURIDADE_EXTREMO (< 28),-0.6602252917735247
MECANISMO_RESPIRATORIO_RN_IOT,CATEGORIA_PREMATURIDADE_TARDIA (32 - 36+6),-0.6275681006848903
CATEGORIA_PREMATURIDADE_TARDIA (32 - 36+6),MECANISMO_RESPIRATORIO_RN_IOT,-0.6275681006848903
CUIDADOS_PERINATAIS_RN_UTIN,CUIDADOS_PERINATAIS_RN_ALOJAMENTO CONJUNTO,-0.6191040031176895
CUIDADOS_PERINATAIS_RN_ALOJAMENTO CONJUNTO,CUIDADOS_PERINATAIS_RN_UTIN,-0.6191040031176895
MECANISMO_RESPIRATORIO_RN_CPAP,MECANISMO_RESPIRATORIO_RN_AR AMBIENTE,-0.6170557942510249
MECANISMO_RESPIRATORIO_RN_AR AMBIENTE,MECANISMO_RESPIRATORIO_RN_CPAP,-0.6170557942510249
TIPO_DE_GESTACAO_UNICA,TIPO_DE_GESTACAO_GEMELARES MONO/DI,-0.6146220130968723
TIPO_DE_GESTACAO_GEMELARES MONO/DI,TIPO_DE_GESTACAO_UNICA,-0.6146220130968723
CATEGORIA_PREMATURIDADE_TARDIA (32 - 36+6),CUIDADOS_PERINATAIS_RN_UTIN,-0.6113608633550273
CUIDADOS_PERINATAIS_RN_UTIN,CATEGORIA_PREMATURIDADE_TARDIA (32 - 36+6),-0.6113608633550273
TIPO_SANGUINEO_MAE_A +,TIPO_SANGUINEO_MAE_O +,-0.5997657168860746
TIPO_SANGUINEO_MAE_O +,TIPO_SANGUINEO_MAE_A +,-0.5997657168860746
SITUACAO_CONJUGAL_SOLTEIRA,SITUACAO_CONJUGAL_CASADA,-0.5819835979976251
SITUACAO_CONJUGAL_CASADA,SITUACAO_CONJUGAL_SOLTEIRA,-0.5819835979976251
IG_SEMANA_FRACIONADA,CUIDADOS_PERINATAIS_RN_UTIN,-0.5550031104744518
CUIDADOS_PERINATAIS_RN_UTIN,IG_SEMANA_FRACIONADA,-0.5550031104744518
RELIGIAO_NAO CONSTA,RELIGIAO_CATOLICA,-0.5478948309429114
RELIGIAO_CATOLICA,RELIGIAO_NAO CONSTA,-0.5478948309429114
CUIDADOS_PERINATAIS_RN_UCIN,CUIDADOS_PERINATAIS_RN_ALOJAMENTO CONJUNTO,-0.5353390062476983
CUIDADOS_PERINATAIS_RN_ALOJAMENTO CONJUNTO,CUIDADOS_PERINATAIS_RN_UCIN,-0.5353390062476983
INICIO_PRE_NATAL,CATEGORIA_KESSNER_ADEQUADO,-0.5255797277611519
CATEGORIA_KESSNER_ADEQUADO,INICIO_PRE_NATAL,-0.5255797277611519
MECANISMO_RESPIRATORIO_RN_AR AMBIENTE,MECANISMO_RESPIRATORIO_RN_IOT,-0.5075653897127845
MECANISMO_RESPIRATORIO_RN_IOT,MECANISMO_RESPIRATORIO_RN_AR AMBIENTE,-0.5075653897127845
MEDICAMENTOS_USO_CONTINUO_METILDOPA,MORBIDADE_PE,0.5130431390055961
MORBIDADE_PE,MEDICAMENTOS_USO_CONTINUO_METILDOPA,0.5130431390055961
OCUPACAO_ESTETICISTA,MEDICAMENTOS_USO_CONTINUO_ENOXAPARINA,0.5142361949601271
MEDICAMENTOS_USO_CONTINUO_ENOXAPARINA,OCUPACAO_ESTETICISTA,0.5142361949601271
GESTA,ABORTO,0.5184806160464506
ABORTO,GESTA,0.5184806160464506
CATEGORIA_OCUPACAO_COMÉRCIO E VENDAS,OCUPACAO_OPERADORA DE CAIXA,0.5229394840429619
OCUPACAO_OPERADORA DE CAIXA,CATEGORIA_OCUPACAO_COMÉRCIO E VENDAS,0.5229394840429619
CATEGORIA_PREMATURIDADE_TARDIA (32 - 36+6),MECANISMO_RESPIRATORIO_RN_AR AMBIENTE,0.5285518059416805
MECANISMO_RESPIRATORIO_RN_AR AMBIENTE,CATEGORIA_PREMATURIDADE_TARDIA (32 - 36+6),0.5285518059416805
MECANISMO_RESPIRATORIO_RN_IOT,CATEGORIA_PREMATURIDADE_EXTREMO (< 28),0.5363534885328575
CATEGORIA_PREMATURIDADE_EXTREMO (< 28),MECANISMO_RESPIRATORIO_RN_IOT,0.5363534885328575
PESO_AO_NASCER,CUIDADOS_PERINATAIS_RN_ALOJAMENTO CONJUNTO,0.5472456224895681
CUIDADOS_PERINATAIS_RN_ALOJAMENTO CONJUNTO,PESO_AO_NASCER,0.5472456224895681
CESAREA,GESTA,0.5606233788189431
GESTA,CESAREA,0.5606233788189431
PESO_AO_NASCER,CATEGORIA_PREMATURIDADE_TARDIA (32 - 36+6),0.5680795315555813
CATEGORIA_PREMATURIDADE_TARDIA (32 - 36+6),PESO_AO_NASCER,0.5680795315555813
MEDICAMENTOS_USO_CONTINUO_HALOPERIDOL,MEDICAMENTOS_USO_CONTINUO_LAMOTRIGINA,0.5756248780884916
MEDICAMENTOS_USO_CONTINUO_LAMOTRIGINA,MEDICAMENTOS_USO_CONTINUO_HALOPERIDOL,0.5756248780884916
OCUPACAO_ESTETICISTA,MORBIDADE_INSUFICIENCIA VENOSA,0.5766617176397094
MEDICAMENTOS_USO_CONTINUO_AMITRIPTILINA,OCUPACAO_ADMINISTRADORA,0.5766617176397094
MEDICAMENTOS_USO_CONTINUO_TOPIRAMATO,MORBIDADE_EPILEPSIA,0.5766617176397094
MEDICAMENTOS_USO_CONTINUO_CORTICOIDE,MORBIDADE_PENFIGO GESTACIONAL,0.5766617176397094
MORBIDADE_PENFIGO GESTACIONAL,MEDICAMENTOS_USO_CONTINUO_CORTICOIDE,0.5766617176397094
MORBIDADE_EPILEPSIA,MEDICAMENTOS_USO_CONTINUO_TOPIRAMATO,0.5766617176397094
MORBIDADE_INSUFICIENCIA VENOSA,OCUPACAO_ESTETICISTA,0.5766617176397094
OCUPACAO_ADMINISTRADORA,MEDICAMENTOS_USO_CONTINUO_AMITRIPTILINA,0.5766617176397094
ESCOLARIDADE_1º GRAU COMPLETO,CATEGORIA_ESCOLARIDADE_1º GRAU,0.5779072883922074
CATEGORIA_ESCOLARIDADE_1º GRAU,ESCOLARIDADE_1º GRAU COMPLETO,0.5779072883922074
MECANISMO_RESPIRATORIO_RN_IOT,CUIDADOS_PERINATAIS_RN_UTIN,0.5829298797742788
CUIDADOS_PERINATAIS_RN_UTIN,MECANISMO_RESPIRATORIO_RN_IOT,0.5829298797742788
MORBIDADE_HIPERTENSAO SEM PROTEINURIA,MORBIDADE_PE,0.5919959990233348
MORBIDADE_PE,MORBIDADE_HIPERTENSAO SEM PROTEINURIA,0.5919959990233348
IG_SEMANA_FRACIONADA,MECANISMO_RESPIRATORIO_RN_AR AMBIENTE,0.5923434684418272
MECANISMO_RESPIRATORIO_RN_AR AMBIENTE,IG_SEMANA_FRACIONADA,0.5923434684418272
MORBIDADE_ANSIEDADE,MEDICAMENTOS_USO_CONTINUO_ISRS'S,0.6024311784052504
MEDICAMENTOS_USO_CONTINUO_ISRS'S,MORBIDADE_ANSIEDADE,0.6024311784052504
CATEGORIA_OCUPACAO_BELEZA E ESTÉTICA,OCUPACAO_ESTETICISTA,0.6105406265195006
OCUPACAO_ESTETICISTA,CATEGORIA_OCUPACAO_BELEZA E ESTÉTICA,0.6105406265195006
OCUPACAO_MANICURE,CATEGORIA_OCUPACAO_BELEZA E ESTÉTICA,0.6105406265195006
CATEGORIA_OCUPACAO_BELEZA E ESTÉTICA,OCUPACAO_MANICURE,0.6105406265195006
IG_SEMANA_FRACIONADA,CATEGORIA_PREMATURIDADE_TARDIA (32 - 36+6),0.618813253307935
CATEGORIA_PREMATURIDADE_TARDIA (32 - 36+6),IG_SEMANA_FRACIONADA,0.618813253307935
INTERCORRENCIAS_PE,INTERCORRENCIAS_APRESENTACAO PELVICA,0.6247473824137759
INTERCORRENCIAS_APRESENTACAO PELVICA,INTERCORRENCIAS_PE,0.6247473824137759
OCUPACAO_ATENDENTE,CATEGORIA_OCUPACAO_COMÉRCIO E VENDAS,0.6300131474031684
CATEGORIA_OCUPACAO_COMÉRCIO E VENDAS,OCUPACAO_ATENDENTE,0.6300131474031684
MEDICAMENTOS_USO_CONTINUO_ENOXAPARINA,MEDICAMENTOS_USO_CONTINUO_PANTOPRAZOL,0.6313224367097044
INTERCORRENCIAS_PLACENTA PERCRETA,MEDICAMENTOS_USO_CONTINUO_ENOXAPARINA,0.6313224367097044
MEDICAMENTOS_USO_CONTINUO_PANTOPRAZOL,MEDICAMENTOS_USO_CONTINUO_ENOXAPARINA,0.6313224367097044
MEDICAMENTOS_USO_CONTINUO_ENOXAPARINA,INTERCORRENCIAS_PLACENTA PERCRETA,0.6313224367097044
MEDICAMENTOS_USO_CONTINUO_ENOXAPARINA,MORBIDADE_ACRETISMO PLACENTARIO,0.6313224367097044
MORBIDADE_ACRETISMO PLACENTARIO,MEDICAMENTOS_USO_CONTINUO_ENOXAPARINA,0.6313224367097044
CUIDADOS_PERINATAIS_RN_ALOJAMENTO CONJUNTO,IG_SEMANA_FRACIONADA,0.6389372442029965
IG_SEMANA_FRACIONADA,CUIDADOS_PERINATAIS_RN_ALOJAMENTO CONJUNTO,0.6389372442029965
CATEGORIA_OCUPACAO_FIN/ADMIN E ESCRITÓRIO,OCUPACAO_AUXILIAR ADMINISTRATIVO,0.6445321803177536
OCUPACAO_AUXILIAR ADMINISTRATIVO,CATEGORIA_OCUPACAO_FIN/ADMIN E ESCRITÓRIO,0.6445321803177536
CONSULTAS_PRE_NATAIS,CATEGORIA_KESSNER_ADEQUADO,0.6884651586668579
CATEGORIA_KESSNER_ADEQUADO,CONSULTAS_PRE_NATAIS,0.6884651586668579
CATEGORIA_OCUPACAO_PRODUÇÃO E INDÚSTRIA,OCUPACAO_AUXILIAR DE PRODUCAO,0.7010887416930994
OCUPACAO_AUXILIAR DE PRODUCAO,CATEGORIA_OCUPACAO_PRODUÇÃO E INDÚSTRIA,0.7010887416930994
PESO_AO_NASCER,IG_SEMANA_FRACIONADA,0.7059348297639148
IG_SEMANA_FRACIONADA,PESO_AO_NASCER,0.7059348297639148
CATEGORIA_OCUPACAO_TECNOLOGIA E ENGENHARIA,RELIGIAO_ESPIRITA,0.7066852569874265
CATEGORIA_OCUPACAO_TECNOLOGIA E ENGENHARIA,OCUPACAO_ENGENHEIRA,0.7066852569874265
RELIGIAO_ESPIRITA,CATEGORIA_OCUPACAO_TECNOLOGIA E ENGENHARIA,0.7066852569874265
CATEGORIA_OCUPACAO_TECNOLOGIA E ENGENHARIA,OCUPACAO_ANALISTA DE SISTEMAS,0.7066852569874265
CATEGORIA_OCUPACAO_RECEPÇÃO,OCUPACAO_LIDER DE TURNO,0.7066852569874265
MORBIDADE_FIBROMIALGIA,MORBIDADE_SJOGREN,0.7066852569874265
MORBIDADE_FETO_HIDROPSIA FETAL,MORBIDADE_CONIZACAO UTERINA POR CA DE COLO,0.7066852569874265
INTERCORRENCIAS_CABECA DERRADEIRA,OCUPACAO_ANALISTA CONTABIL,0.7066852569874265
MORBIDADE_HIPERTIREOIDISMO,MORBIDADE_FETO_ESTENOSE PIELOCALICIAL,0.7066852569874265
INTERCORRENCIAS_ATONIA UTERINA,INTERCORRENCIAS_HISTERECTOMIA,0.7066852569874265
INTERCORRENCIAS_HIPOTONIA UTERINA,OCUPACAO_OPERADORA DE MAQUINAS,0.7066852569874265
MORBIDADE_LUPUS,MORBIDADE_SJOGREN,0.7066852569874265
MORBIDADE_SJOGREN,MORBIDADE_ESCLERODERMIA,0.7066852569874265
MORBIDADE_RETOCOLITE ULCERATIVA,MORBIDADE_COLITE,0.7066852569874265
OCUPACAO_TELEFONISTA,CATEGORIA_OCUPACAO_RECEPÇÃO,0.7066852569874265
OCUPACAO_OPERADORA DE MAQUINAS,INTERCORRENCIAS_HIPOTONIA UTERINA,0.7066852569874265
MORBIDADE_SJOGREN,MORBIDADE_FIBROMIALGIA,0.7066852569874265
OCUPACAO_MANUAL,INTERCORRENCIAS_INVERSAO UTERINA,0.7066852569874265
OCUPACAO_ENFERMEIRA,INTERCORRENCIAS_OLIGODRAMNIO,0.7066852569874265
MORBIDADE_SJOGREN,MORBIDADE_LUPUS,0.7066852569874265
OCUPACAO_LIDER DE TURNO,CATEGORIA_OCUPACAO_RECEPÇÃO,0.7066852569874265
MORBIDADE_SJOGREN,MEDICAMENTOS_USO_CONTINUO_BENZODIAZEPINICO,0.7066852569874265
OCUPACAO_ENGENHEIRA,CATEGORIA_OCUPACAO_TECNOLOGIA E ENGENHARIA,0.7066852569874265
MORBIDADE_ESCLERODERMIA,MORBIDADE_SJOGREN,0.7066852569874265
INTERCORRENCIAS_HIPOTONIA UTERINA,MEDICAMENTOS_USO_CONTINUO_SALBUTAMOL,0.7066852569874265
MORBIDADE_HIPERTIREOIDISMO,MEDICAMENTOS_USO_CONTINUO_PROPIL,0.7066852569874265
CATEGORIA_OCUPACAO_RECEPÇÃO,OCUPACAO_TELEFONISTA,0.7066852569874265
INTERCORRENCIAS_HISTERECTOMIA,INTERCORRENCIAS_ATONIA UTERINA,0.7066852569874265
INTERCORRENCIAS_INVERSAO UTERINA,OCUPACAO_MANUAL,0.7066852569874265
MEDICAMENTOS_USO_CONTINUO_BENZODIAZEPINICO,MORBIDADE_SJOGREN,0.7066852569874265
MEDICAMENTOS_USO_CONTINUO_MESALAZINA,MORBIDADE_COLITE,0.7066852569874265
MEDICAMENTOS_USO_CONTINUO_SALBUTAMOL,INTERCORRENCIAS_HIPOTONIA UTERINA,0.7066852569874265
INTERCORRENCIAS_OLIGODRAMNIO,OCUPACAO_ENFERMEIRA,0.7066852569874265
MEDICAMENTOS_USO_CONTINUO_LITIO,MEDICAMENTOS_USO_CONTINUO_QUETIAPINA,0.7066852569874265
MEDICAMENTOS_USO_CONTINUO_QUETIAPINA,MEDICAMENTOS_USO_CONTINUO_LITIO,0.7066852569874265
MEDICAMENTOS_USO_CONTINUO_PROPIL,MORBIDADE_HIPERTIREOIDISMO,0.7066852569874265
MORBIDADE_COLITE,MEDICAMENTOS_USO_CONTINUO_MESALAZINA,0.7066852569874265
MORBIDADE_CONIZACAO UTERINA POR CA DE COLO,MORBIDADE_FETO_HIDROPSIA FETAL,0.7066852569874265
MORBIDADE_COLITE,MORBIDADE_RETOCOLITE ULCERATIVA,0.7066852569874265
MORBIDADE_FETO_ESTENOSE PIELOCALICIAL,MORBIDADE_HIPERTIREOIDISMO,0.7066852569874265
OCUPACAO_ANALISTA DE SISTEMAS,CATEGORIA_OCUPACAO_TECNOLOGIA E ENGENHARIA,0.7066852569874265
OCUPACAO_ANALISTA CONTABIL,INTERCORRENCIAS_CABECA DERRADEIRA,0.7066852569874265
MEDICAMENTOS_USO_CONTINUO_AAS,MEDICAMENTOS_USO_CONTINUO_CALCIO,0.7083134722951787
MEDICAMENTOS_USO_CONTINUO_CALCIO,MEDICAMENTOS_USO_CONTINUO_AAS,0.7083134722951787
PARTO_VAGINAL,GESTA,0.7279348647644616
GESTA,PARTO_VAGINAL,0.7279348647644616
CATEGORIA_OCUPACAO_LOGÍSTICA,OCUPACAO_EMBALADEIRA,0.7531983087525438
OCUPACAO_EMBALADEIRA,CATEGORIA_OCUPACAO_LOGÍSTICA,0.7531983087525438
ESCOLARIDADE_1º GRAU INCOMPLETO,CATEGORIA_ESCOLARIDADE_1º GRAU,0.7583423399065023
CATEGORIA_ESCOLARIDADE_1º GRAU,ESCOLARIDADE_1º GRAU INCOMPLETO,0.7583423399065023
CUIDADOS_PERINATAIS_RN_ALOJAMENTO CONJUNTO,MECANISMO_RESPIRATORIO_RN_AR AMBIENTE,0.7603947148203491
MECANISMO_RESPIRATORIO_RN_AR AMBIENTE,CUIDADOS_PERINATAIS_RN_ALOJAMENTO CONJUNTO,0.7603947148203491
CATEGORIA_OCUPACAO_SAÚDE,OCUPACAO_TECNICA DE ENFERMAGEM,0.7614669610515674
OCUPACAO_TECNICA DE ENFERMAGEM,CATEGORIA_OCUPACAO_SAÚDE,0.7614669610515674
MEDICAMENTOS_USO_CONTINUO_ESQUEMA TRIPLICE,MORBIDADE_TOXOPLASMOSE,0.772736890641487
MORBIDADE_TOXOPLASMOSE,MEDICAMENTOS_USO_CONTINUO_ESQUEMA TRIPLICE,0.772736890641487
APGAR_5_MIN,APGAR_1_MIN,0.7816305108740916
APGAR_1_MIN,APGAR_5_MIN,0.7816305108740916
ESCOLARIDADE_2º GRAU COMPLETO,CATEGORIA_ESCOLARIDADE_2º GRAU,0.8019823788276427
CATEGORIA_ESCOLARIDADE_2º GRAU,ESCOLARIDADE_2º GRAU COMPLETO,0.8019823788276427
OCUPACAO_ESTETICISTA,INTERCORRENCIAS_PLACENTA PERCRETA,0.8160092657062034
MORBIDADE_ACRETISMO PLACENTARIO,OCUPACAO_ESTETICISTA,0.8160092657062034
OCUPACAO_ESTETICISTA,MORBIDADE_ACRETISMO PLACENTARIO,0.8160092657062034
OCUPACAO_ESTETICISTA,MEDICAMENTOS_USO_CONTINUO_PANTOPRAZOL,0.8160092657062034
MEDICAMENTOS_USO_CONTINUO_CORTICOIDE INALATORIO,MEDICAMENTOS_USO_CONTINUO_CORTICOIDE,0.8160092657062034
INTERCORRENCIAS_PLACENTA PERCRETA,OCUPACAO_ESTETICISTA,0.8160092657062034
MEDICAMENTOS_USO_CONTINUO_PANTOPRAZOL,OCUPACAO_ESTETICISTA,0.8160092657062034
MEDICAMENTOS_USO_CONTINUO_CORTICOIDE,MEDICAMENTOS_USO_CONTINUO_CORTICOIDE INALATORIO,0.8160092657062034
CATEGORIA_ESCOLARIDADE_3º GRAU,ESCOLARIDADE_3º GRAU COMPLETO,0.8417134088699115
ESCOLARIDADE_3º GRAU COMPLETO,CATEGORIA_ESCOLARIDADE_3º GRAU,0.8417134088699115
OCUPACAO_PROFESSORA,CATEGORIA_OCUPACAO_EDUCAÇÃO,0.8441414871331708
CATEGORIA_OCUPACAO_EDUCAÇÃO,OCUPACAO_PROFESSORA,0.8441414871331708
MEDICAMENTOS_USO_CONTINUO_URSACOL,MORBIDADE_COLESTASE,0.8649863807303101
CATEGORIA_OCUPACAO_COMUNICAÇÃO,OCUPACAO_REVISORA,0.8649863807303101
OCUPACAO_REVISORA,CATEGORIA_OCUPACAO_COMUNICAÇÃO,0.8649863807303101
MORBIDADE_COLESTASE,MEDICAMENTOS_USO_CONTINUO_URSACOL,0.8649863807303101
CATEGORIA_OCUPACAO_AUTÔNOMOS E EMPREENDEDORES,OCUPACAO_AUTONOMA,0.8808577434215233
OCUPACAO_AUTONOMA,CATEGORIA_OCUPACAO_AUTÔNOMOS E EMPREENDEDORES,0.8808577434215233
CATEGORIA_OCUPACAO_TRABALHOS DOMÉSTICOS,OCUPACAO_DOMESTICA,0.8879541520954927
OCUPACAO_DOMESTICA,CATEGORIA_OCUPACAO_TRABALHOS DOMÉSTICOS,0.8879541520954927
OCUPACAO_COSTUREIRA,CATEGORIA_OCUPACAO_MODA E VESTUÁRIO,0.9206960511212436
CATEGORIA_OCUPACAO_MODA E VESTUÁRIO,OCUPACAO_COSTUREIRA,0.9206960511212436
CATEGORIA_OCUPACAO_ALIMENTAÇÃO,OCUPACAO_AUXILIAR DE COZINHA,0.9348527048856055
OCUPACAO_AUXILIAR DE COZINHA,CATEGORIA_OCUPACAO_ALIMENTAÇÃO,0.9348527048856055
MORBIDADE_HIPOTIREOIDISMO,MEDICAMENTOS_USO_CONTINUO_LEVOTIROXINA SODICA,0.9699759795631264
MEDICAMENTOS_USO_CONTINUO_LEVOTIROXINA SODICA,MORBIDADE_HIPOTIREOIDISMO,0.9699759795631264
STATUS_DE_TRATAMENTO_DE_MORBIDADES_MAU CONTROLE,STATUS_DE_TRATAMENTO_DE_MORBIDADES_MAU CONTROLE,1.0
TIPO_DE_GESTACAO_GEMELARES DI/DI,TIPO_DE_GESTACAO_GEMELARES DI/DI,1.0
TIPO_DE_GESTACAO_GEMELARES MONO/DI,TIPO_DE_GESTACAO_GEMELARES MONO/DI,1.0
TIPO_DE_GESTACAO_GEMELARES MONO/MONO,TIPO_DE_GESTACAO_GEMELARES MONO/MONO,1.0
TIPO_DE_GESTACAO_TRIGEMELARES,TIPO_DE_GESTACAO_TRIGEMELARES,1.0
SITUACAO_CONJUGAL_CASADA,SITUACAO_CONJUGAL_CASADA,1.0
SITUACAO_CONJUGAL_CONCUBINATO/UNIAO ESTAVEL,SITUACAO_CONJUGAL_CONCUBINATO/UNIAO ESTAVEL,1.0
SITUACAO_CONJUGAL_DIVORCIADA,SITUACAO_CONJUGAL_DIVORCIADA,1.0
SITUACAO_CONJUGAL_NAO CONSTA,SITUACAO_CONJUGAL_NAO CONSTA,1.0
SITUACAO_CONJUGAL_SOLTEIRA,SITUACAO_CONJUGAL_SOLTEIRA,1.0
STATUS_DE_TRATAMENTO_DE_MORBIDADES_BOM CONTROLE,STATUS_DE_TRATAMENTO_DE_MORBIDADES_BOM CONTROLE,1.0
RELIGIAO_PRESBITERIANO,MORBIDADE_HERPES GENITAL,1.0
RELIGIAO_PRESBITERIANO,RELIGIAO_PRESBITERIANO,1.0
RELIGIAO_PROTESTANTE,RELIGIAO_PROTESTANTE,1.0
RELIGIAO_TESTEMUNHA DE JEOVA,RELIGIAO_TESTEMUNHA DE JEOVA,1.0
SEXO_RN_FEMININO,SEXO_RN_FEMININO,1.0
SEXO_RN_MASCULINO,SEXO_RN_MASCULINO,1.0
RELIGIAO_ESPIRITA,OCUPACAO_ENGENHEIRA,1.0
RELIGIAO_ESPIRITA,RELIGIAO_ESPIRITA,1.0
RELIGIAO_EVANGELICA,RELIGIAO_EVANGELICA,1.0
RELIGIAO_LUTERANA,RELIGIAO_LUTERANA,1.0
RELIGIAO_MORMON,RELIGIAO_MORMON,1.0
RELIGIAO_NAO CONSTA,RELIGIAO_NAO CONSTA,1.0
RELIGIAO_OUTROS,RELIGIAO_OUTROS,1.0
CATEGORIA_OCUPACAO_ESTUDANTE,OCUPACAO_ESTUDANTE,1.0
CATEGORIA_OCUPACAO_FIN/ADMIN E ESCRITÓRIO,CATEGORIA_OCUPACAO_FIN/ADMIN E ESCRITÓRIO,1.0
CATEGORIA_OCUPACAO_LOGÍSTICA,CATEGORIA_OCUPACAO_LOGÍSTICA,1.0
CATEGORIA_OCUPACAO_MODA E VESTUÁRIO,CATEGORIA_OCUPACAO_MODA E VESTUÁRIO,1.0
CATEGORIA_OCUPACAO_Outros,CATEGORIA_OCUPACAO_Outros,1.0
CATEGORIA_OCUPACAO_COMUNICAÇÃO,CATEGORIA_OCUPACAO_COMUNICAÇÃO,1.0
CATEGORIA_OCUPACAO_COMÉRCIO E VENDAS,CATEGORIA_OCUPACAO_COMÉRCIO E VENDAS,1.0
CATEGORIA_OCUPACAO_EDUCAÇÃO,CATEGORIA_OCUPACAO_EDUCAÇÃO,1.0
CATEGORIA_OCUPACAO_ESTUDANTE,CATEGORIA_OCUPACAO_ESTUDANTE,1.0
CATEGORIA_KESSNER_INTERMEDIÁRIO,CATEGORIA_KESSNER_INTERMEDIÁRIO,1.0
CATEGORIA_OCUPACAO_ALIMENTAÇÃO,CATEGORIA_OCUPACAO_ALIMENTAÇÃO,1.0
CATEGORIA_OCUPACAO_AUTÔNOMOS E EMPREENDEDORES,CATEGORIA_OCUPACAO_AUTÔNOMOS E EMPREENDEDORES,1.0
CATEGORIA_OCUPACAO_BELEZA E ESTÉTICA,CATEGORIA_OCUPACAO_BELEZA E ESTÉTICA,1.0
CATEGORIA_ESCOLARIDADE_3º GRAU,CATEGORIA_ESCOLARIDADE_3º GRAU,1.0
CATEGORIA_KESSNER_ADEQUADO,CATEGORIA_KESSNER_ADEQUADO,1.0
CATEGORIA_KESSNER_INADEQUADO,CATEGORIA_KESSNER_INADEQUADO,1.0
MEDICAMENTOS_USO_CONTINUO_AMOXICILINA,MEDICAMENTOS_USO_CONTINUO_AMOXICILINA,1.0
MEDICAMENTOS_USO_CONTINUO_ANLODIPINO,MEDICAMENTOS_USO_CONTINUO_ANLODIPINO,1.0
MEDICAMENTOS_USO_CONTINUO_BENZODIAZEPINICO,MEDICAMENTOS_USO_CONTINUO_BENZODIAZEPINICO,1.0
MEDICAMENTOS_USO_CONTINUO_BENZODIAZEPINICO,MORBIDADE_ESCLERODERMIA,1.0
MEDICAMENTOS_USO_CONTINUO_BENZODIAZEPINICO,MORBIDADE_FIBROMIALGIA,1.0
MEDICAMENTOS_USO_CONTINUO_CALCIO,MEDICAMENTOS_USO_CONTINUO_CALCIO,1.0
MEDICAMENTOS_USO_CONTINUO_AAS,MEDICAMENTOS_USO_CONTINUO_AAS,1.0
MEDICAMENTOS_USO_CONTINUO_ACIDO FOLICO,MEDICAMENTOS_USO_CONTINUO_ACIDO FOLICO,1.0
MEDICAMENTOS_USO_CONTINUO_ACIDO FOLINICO,MEDICAMENTOS_USO_CONTINUO_ACIDO FOLINICO,1.0
MEDICAMENTOS_USO_CONTINUO_AEROLIN,MEDICAMENTOS_USO_CONTINUO_AEROLIN,1.0
MEDICAMENTOS_USO_CONTINUO_ALLENIA,MEDICAMENTOS_USO_CONTINUO_ALLENIA,1.0
MEDICAMENTOS_USO_CONTINUO_AMITRIPTILINA,MEDICAMENTOS_USO_CONTINUO_AMITRIPTILINA,1.0
MECANISMO_RESPIRATORIO_RN_CATETER NASAL O2,MECANISMO_RESPIRATORIO_RN_CATETER NASAL O2,1.0
MECANISMO_RESPIRATORIO_RN_CPAP,MECANISMO_RESPIRATORIO_RN_CPAP,1.0
MECANISMO_RESPIRATORIO_RN_IOT,MECANISMO_RESPIRATORIO_RN_IOT,1.0
INTERCORRENCIAS_VASA PREVIA,INTERCORRENCIAS_VASA PREVIA,1.0
MECANISMO_RESPIRATORIO_RN_AR AMBIENTE,MECANISMO_RESPIRATORIO_RN_AR AMBIENTE,1.0
MEDICAMENTOS_USO_CONTINUO_LAMOTRIGINA,MEDICAMENTOS_USO_CONTINUO_LAMOTRIGINA,1.0
MEDICAMENTOS_USO_CONTINUO_LEVOMEPROMAZINA,MEDICAMENTOS_USO_CONTINUO_LEVOMEPROMAZINA,1.0
MEDICAMENTOS_USO_CONTINUO_LEVOTIROXINA SODICA,MEDICAMENTOS_USO_CONTINUO_LEVOTIROXINA SODICA,1.0
MEDICAMENTOS_USO_CONTINUO_LITIO,MEDICAMENTOS_USO_CONTINUO_LITIO,1.0
MEDICAMENTOS_USO_CONTINUO_MACRODANTINA,MEDICAMENTOS_USO_CONTINUO_MACRODANTINA,1.0
MEDICAMENTOS_USO_CONTINUO_FENOTEROL,MEDICAMENTOS_USO_CONTINUO_FENOTEROL,1.0
MEDICAMENTOS_USO_CONTINUO_HALOPERIDOL,MEDICAMENTOS_USO_CONTINUO_HALOPERIDOL,1.0
MEDICAMENTOS_USO_CONTINUO_HIDRALAZINA,MEDICAMENTOS_USO_CONTINUO_HIDRALAZINA,1.0
MEDICAMENTOS_USO_CONTINUO_INIBINA,MEDICAMENTOS_USO_CONTINUO_INIBINA,1.0
MEDICAMENTOS_USO_CONTINUO_INSULINA,MEDICAMENTOS_USO_CONTINUO_INSULINA,1.0
MEDICAMENTOS_USO_CONTINUO_ISRS'S,MEDICAMENTOS_USO_CONTINUO_ISRS'S,1.0
MEDICAMENTOS_USO_CONTINUO_ENALAPRIL,MEDICAMENTOS_USO_CONTINUO_ENALAPRIL,1.0
MEDICAMENTOS_USO_CONTINUO_ENOXAPARINA,MEDICAMENTOS_USO_CONTINUO_ENOXAPARINA,1.0
MEDICAMENTOS_USO_CONTINUO_ESQUEMA TRIPLICE,MEDICAMENTOS_USO_CONTINUO_ESQUEMA TRIPLICE,1.0
MEDICAMENTOS_USO_CONTINUO_CEFALEXINA,MEDICAMENTOS_USO_CONTINUO_CEFALEXINA,1.0
MEDICAMENTOS_USO_CONTINUO_CERCLAGEM,MEDICAMENTOS_USO_CONTINUO_CERCLAGEM,1.0
MEDICAMENTOS_USO_CONTINUO_CERCLAGEM,OCUPACAO_ESCRITURARIA,1.0
MEDICAMENTOS_USO_CONTINUO_CORTICOIDE,MEDICAMENTOS_USO_CONTINUO_CORTICOIDE,1.0
MEDICAMENTOS_USO_CONTINUO_CORTICOIDE INALATORIO,MEDICAMENTOS_USO_CONTINUO_CORTICOIDE INALATORIO,1.0
INTERCORRENCIAS_SANGRAMENTO,INTERCORRENCIAS_SANGRAMENTO,1.0
INTERCORRENCIAS_SEM INTERCORRENCIAS,INTERCORRENCIAS_SEM INTERCORRENCIAS,1.0
INTERCORRENCIAS_SOFRIMENTO FETAL,INTERCORRENCIAS_SOFRIMENTO FETAL,1.0
INTERCORRENCIAS_TAQUICARDIA FETAL,INTERCORRENCIAS_TAQUICARDIA FETAL,1.0
INTERCORRENCIAS_TENTATIVA DE MANOBRA COM BALAO PARA HERNIA DIAFRAGMATICA JUNTO COM A CIPE,INTERCORRENCIAS_TENTATIVA DE MANOBRA COM BALAO PARA HERNIA DIAFRAGMATICA JUNTO COM A CIPE,1.0
INTERCORRENCIAS_TENTATIVA DE MANOBRA COM BALAO PARA HERNIA DIAFRAGMATICA JUNTO COM A CIPE,MORBIDADE_FETO_HERNIA DIAFRAGMATICA,1.0
INTERCORRENCIAS_TOCOTRAUMATISMO,INTERCORRENCIAS_TOCOTRAUMATISMO,1.0
INTERCORRENCIAS_TPP,INTERCORRENCIAS_TPP,1.0
INTERCORRENCIAS_PLACENTA PERCRETA,MORBIDADE_ACRETISMO PLACENTARIO,1.0
INTERCORRENCIAS_PLACENTA PREVIA,INTERCORRENCIAS_PLACENTA PREVIA,1.0
INTERCORRENCIAS_PLAQUETOPENIA,INTERCORRENCIAS_PLAQUETOPENIA,1.0
INTERCORRENCIAS_PROLAPSO DE CORDAO UMBILICAL,INTERCORRENCIAS_PROLAPSO DE CORDAO UMBILICAL,1.0
INTERCORRENCIAS_PROTRUSAO BOLSA AMNIOTICA,INTERCORRENCIAS_PROTRUSAO BOLSA AMNIOTICA,1.0
INTERCORRENCIAS_RETENCAO PLACENTARIA,INTERCORRENCIAS_RETENCAO PLACENTARIA,1.0
INTERCORRENCIAS_RUPREME,INTERCORRENCIAS_RUPREME,1.0
INTERCORRENCIAS_PARTO DOMICILIAR,INTERCORRENCIAS_PARTO DOMICILIAR,1.0
INTERCORRENCIAS_PE,INTERCORRENCIAS_PE,1.0
INTERCORRENCIAS_PICO HIPERTENSIVO,INTERCORRENCIAS_PICO HIPERTENSIVO,1.0
INTERCORRENCIAS_PLACENTA MARGINAL,INTERCORRENCIAS_PLACENTA MARGINAL,1.0
INTERCORRENCIAS_PLACENTA PERCRETA,INTERCORRENCIAS_PLACENTA PERCRETA,1.0
INTERCORRENCIAS_PLACENTA PERCRETA,MEDICAMENTOS_USO_CONTINUO_PANTOPRAZOL,1.0
INTERCORRENCIAS_HISTERECTOMIA,INTERCORRENCIAS_HISTERECTOMIA,1.0
INTERCORRENCIAS_INVERSAO UTERINA,INTERCORRENCIAS_INVERSAO UTERINA,1.0
INTERCORRENCIAS_LACERACAO EM ANGULO UTERINO,INTERCORRENCIAS_LACERACAO EM ANGULO UTERINO,1.0
INTERCORRENCIAS_LATM,INTERCORRENCIAS_LATM,1.0
INTERCORRENCIAS_OLIGODRAMNIO,INTERCORRENCIAS_OLIGODRAMNIO,1.0
MEDICAMENTOS_USO_CONTINUO_PROPIL,MEDICAMENTOS_USO_CONTINUO_PROPIL,1.0
MEDICAMENTOS_USO_CONTINUO_PROPIL,MORBIDADE_FETO_ESTENOSE PIELOCALICIAL,1.0
MEDICAMENTOS_USO_CONTINUO_QUETIAPINA,MEDICAMENTOS_USO_CONTINUO_QUETIAPINA,1.0
MEDICAMENTOS_USO_CONTINUO_RISPERIDONA,MEDICAMENTOS_USO_CONTINUO_RISPERIDONA,1.0
MEDICAMENTOS_USO_CONTINUO_ROUQUINOL,MEDICAMENTOS_USO_CONTINUO_PREDNISOLONA,1.0
MEDICAMENTOS_USO_CONTINUO_ROUQUINOL,MEDICAMENTOS_USO_CONTINUO_ROUQUINOL,1.0
MEDICAMENTOS_USO_CONTINUO_PANTOPRAZOL,MORBIDADE_ACRETISMO PLACENTARIO,1.0
MEDICAMENTOS_USO_CONTINUO_PREDNISOLONA,MEDICAMENTOS_USO_CONTINUO_PREDNISOLONA,1.0
MEDICAMENTOS_USO_CONTINUO_PREDNISOLONA,MEDICAMENTOS_USO_CONTINUO_ROUQUINOL,1.0
MEDICAMENTOS_USO_CONTINUO_PREDNISOLONA,MORBIDADE_VASCULITE REUMATICA,1.0
MEDICAMENTOS_USO_CONTINUO_PREDNISONA,MEDICAMENTOS_USO_CONTINUO_PREDNISONA,1.0
MEDICAMENTOS_USO_CONTINUO_PREDNISONA,MORBIDADE_ERITEMA NODOSO,1.0
MEDICAMENTOS_USO_CONTINUO_PROGESTERONA,MEDICAMENTOS_USO_CONTINUO_PROGESTERONA,1.0
MEDICAMENTOS_USO_CONTINUO_NIFEDIPINO,MEDICAMENTOS_USO_CONTINUO_NIFEDIPINO,1.0
MEDICAMENTOS_USO_CONTINUO_NITROFURANTOINA,MEDICAMENTOS_USO_CONTINUO_NITROFURANTOINA,1.0
MEDICAMENTOS_USO_CONTINUO_NORIPURUM,MEDICAMENTOS_USO_CONTINUO_NORIPURUM,1.0
MEDICAMENTOS_USO_CONTINUO_OFOLATO,MEDICAMENTOS_USO_CONTINUO_OFOLATO,1.0
MEDICAMENTOS_USO_CONTINUO_OFOLATO,MORBIDADE_TROMBOFILIA,1.0
MEDICAMENTOS_USO_CONTINUO_PANTOPRAZOL,INTERCORRENCIAS_PLACENTA PERCRETA,1.0
MEDICAMENTOS_USO_CONTINUO_PANTOPRAZOL,MEDICAMENTOS_USO_CONTINUO_PANTOPRAZOL,1.0
MEDICAMENTOS_USO_CONTINUO_MESALAZINA,MEDICAMENTOS_USO_CONTINUO_MESALAZINA,1.0
MEDICAMENTOS_USO_CONTINUO_MESALAZINA,MORBIDADE_RETOCOLITE ULCERATIVA,1.0
MEDICAMENTOS_USO_CONTINUO_METFORMINA,MEDICAMENTOS_USO_CONTINUO_METFORMINA,1.0
MEDICAMENTOS_USO_CONTINUO_METILDOPA,MEDICAMENTOS_USO_CONTINUO_METILDOPA,1.0
MEDICAMENTOS_USO_CONTINUO_MULTIVITAMINICOS,MEDICAMENTOS_USO_CONTINUO_MULTIVITAMINICOS,1.0
MEDICAMENTOS_USO_CONTINUO_NEGA,MEDICAMENTOS_USO_CONTINUO_NEGA,1.0
MORBIDADE_ANIDRAMNIO,MORBIDADE_ANIDRAMNIO,1.0
MORBIDADE_ANSIEDADE,MORBIDADE_ANSIEDADE,1.0
MORBIDADE_ASMA,MORBIDADE_ASMA,1.0
MORBIDADE_CANCER INVASOR DE MAMA,MORBIDADE_CANCER INVASOR DE MAMA,1.0
MORBIDADE_CARDIOPATIA,MORBIDADE_CARDIOPATIA,1.0
MORBIDADE_CERVICITE CRONICA,MORBIDADE_CERVICITE CRONICA,1.0
MORBIDADE_CERVICITE CRONICA,MORBIDADE_LESAO INTRAEPITELIAL DE ALTO GRAU (NIC 2-3),1.0
MORBIDADE_ACRETISMO PLACENTARIO,MORBIDADE_ACRETISMO PLACENTARIO,1.0
MORBIDADE_ADENOMIOSE,MORBIDADE_ADENOMIOSE,1.0
MORBIDADE_ALOIMUNIZACAO,INTERCORRENCIAS_ANEMIA FETAL SEVERA,1.0
MORBIDADE_ALOIMUNIZACAO,MORBIDADE_ALOIMUNIZACAO,1.0
MORBIDADE_ALOIMUNIZACAO,MORBIDADE_HIPEREMESE GRAVIDICA,1.0
MORBIDADE_ANEMIA,MORBIDADE_ANEMIA,1.0
MORBIDADE_ANEMIA FALCIFORME,MORBIDADE_ANEMIA FALCIFORME,1.0
MEDICAMENTOS_USO_CONTINUO_URSACOL,MEDICAMENTOS_USO_CONTINUO_URSACOL,1.0
MEDICAMENTOS_USO_CONTINUO_VIT. D,MEDICAMENTOS_USO_CONTINUO_VIT. D,1.0
MEDICAMENTOS_USO_CONTINUO_VIT. D,OCUPACAO_SUPERVISORA,1.0
MORBIDADE_ACRETISMO PLACENTARIO,INTERCORRENCIAS_PLACENTA PERCRETA,1.0
MORBIDADE_ACRETISMO PLACENTARIO,MEDICAMENTOS_USO_CONTINUO_PANTOPRAZOL,1.0
MEDICAMENTOS_USO_CONTINUO_ROUQUINOL,MORBIDADE_VASCULITE REUMATICA,1.0
MEDICAMENTOS_USO_CONTINUO_SALBUTAMOL,MEDICAMENTOS_USO_CONTINUO_SALBUTAMOL,1.0
MEDICAMENTOS_USO_CONTINUO_SULFATO DE MAGNESIO,MEDICAMENTOS_USO_CONTINUO_SULFATO DE MAGNESIO,1.0
MEDICAMENTOS_USO_CONTINUO_SULFATO FERROSO,MEDICAMENTOS_USO_CONTINUO_SULFATO FERROSO,1.0
MEDICAMENTOS_USO_CONTINUO_TARV,MEDICAMENTOS_USO_CONTINUO_TARV,1.0
MEDICAMENTOS_USO_CONTINUO_TARV,MORBIDADE_HIV,1.0
MEDICAMENTOS_USO_CONTINUO_TOPIRAMATO,MEDICAMENTOS_USO_CONTINUO_TOPIRAMATO,1.0
MORBIDADE_ESTEATOSE HEPATICA,INTERCORRENCIAS_COLESTASE,1.0
MORBIDADE_ESTEATOSE HEPATICA,MORBIDADE_ESTEATOSE HEPATICA,1.0
MORBIDADE_FETO_ALOIMUNIZACAO,MORBIDADE_FETO_ALOIMUNIZACAO,1.0
MORBIDADE_FETO_ANASARCA FETAL,MORBIDADE_FETO_ANASARCA FETAL,1.0
MORBIDADE_FETO_ESTENOSE PIELOCALICIAL,MEDICAMENTOS_USO_CONTINUO_PROPIL,1.0
MORBIDADE_FETO_ESTENOSE PIELOCALICIAL,MORBIDADE_FETO_ESTENOSE PIELOCALICIAL,1.0
MORBIDADE_FETO_FETO GIG,MORBIDADE_FETO_FETO GIG,1.0
MORBIDADE_EPILEPSIA,MORBIDADE_EPILEPSIA,1.0
MORBIDADE_ERITEMA NODOSO,MEDICAMENTOS_USO_CONTINUO_PREDNISONA,1.0
MORBIDADE_ERITEMA NODOSO,MORBIDADE_ERITEMA NODOSO,1.0
MORBIDADE_ESCLERODERMIA,MEDICAMENTOS_USO_CONTINUO_BENZODIAZEPINICO,1.0
MORBIDADE_ESCLERODERMIA,MORBIDADE_ESCLERODERMIA,1.0
MORBIDADE_ESCLERODERMIA,MORBIDADE_FIBROMIALGIA,1.0
MORBIDADE_COVID,MORBIDADE_COVID,1.0
MORBIDADE_DEPRESSAO,MORBIDADE_DEPRESSAO,1.0
MORBIDADE_DERMATITE ATOPICA,MORBIDADE_DERMATITE ATOPICA,1.0
MORBIDADE_DM1,MORBIDADE_DM1,1.0
MORBIDADE_DM2,MORBIDADE_DM2,1.0
MORBIDADE_DMG,MORBIDADE_DMG,1.0
MORBIDADE_DRC 5,MORBIDADE_DRC 5,1.0
MORBIDADE_ECLAMPSIA,MORBIDADE_ECLAMPSIA,1.0
MORBIDADE_COLESTASE,MORBIDADE_COLESTASE,1.0
MORBIDADE_COLITE,MORBIDADE_COLITE,1.0
MORBIDADE_CONIZACAO PREVIA,MORBIDADE_CONIZACAO PREVIA,1.0
MORBIDADE_CONIZACAO UTERINA POR CA DE COLO,MORBIDADE_CONIZACAO UTERINA POR CA DE COLO,1.0
MORBIDADE_HIPERTENSAO SEM PROTEINURIA,MORBIDADE_HIPERTENSAO SEM PROTEINURIA,1.0
MORBIDADE_HIPERTIREOIDISMO,MORBIDADE_HIPERTIREOIDISMO,1.0
MORBIDADE_HIPOTIREOIDISMO,MORBIDADE_HIPOTIREOIDISMO,1.0
MORBIDADE_HISTORICO DE PARTO(S) PREMATURO(S),MORBIDADE_HISTORICO DE PARTO(S) PREMATURO(S),1.0
MORBIDADE_HAS CRONICA + DHEG SOBREPOSTA,MORBIDADE_HAS CRONICA + DHEG SOBREPOSTA,1.0
MORBIDADE_HEMATOMA INTRAPLACENTARIO,MORBIDADE_HEMATOMA INTRAPLACENTARIO,1.0
MORBIDADE_HEP B,MORBIDADE_HEP B,1.0
MORBIDADE_HERPES GENITAL,MORBIDADE_HERPES GENITAL,1.0
MORBIDADE_HERPES GENITAL,RELIGIAO_PRESBITERIANO,1.0
MORBIDADE_HIPEREMESE GRAVIDICA,INTERCORRENCIAS_ANEMIA FETAL SEVERA,1.0
MORBIDADE_HIPEREMESE GRAVIDICA,MORBIDADE_ALOIMUNIZACAO,1.0
MORBIDADE_HIPEREMESE GRAVIDICA,MORBIDADE_HIPEREMESE GRAVIDICA,1.0
MORBIDADE_FETO_RCIU GRAU 1,MORBIDADE_FETO_RCIU GRAU 1,1.0
MORBIDADE_FETO_RCIU GRAU 2,MORBIDADE_FETO_RCIU GRAU 2,1.0
MORBIDADE_FETO_RCIU GRAU 3,MORBIDADE_FETO_RCIU GRAU 3,1.0
MORBIDADE_FETO_RCIU GRAU 4,MORBIDADE_FETO_RCIU GRAU 4,1.0
MORBIDADE_FIBROMIALGIA,MEDICAMENTOS_USO_CONTINUO_BENZODIAZEPINICO,1.0
MORBIDADE_FIBROMIALGIA,MORBIDADE_ESCLERODERMIA,1.0
MORBIDADE_FIBROMIALGIA,MORBIDADE_FIBROMIALGIA,1.0
MORBIDADE_FETO_FETO PIG,MORBIDADE_FETO_FETO PIG,1.0
MORBIDADE_FETO_HERNIA DIAFRAGMATICA,INTERCORRENCIAS_TENTATIVA DE MANOBRA COM BALAO PARA HERNIA DIAFRAGMATICA JUNTO COM A CIPE,1.0
MORBIDADE_FETO_HERNIA DIAFRAGMATICA,MORBIDADE_FETO_HERNIA DIAFRAGMATICA,1.0
MORBIDADE_FETO_HIDROPSIA FETAL,MORBIDADE_FETO_HIDROPSIA FETAL,1.0
MORBIDADE_FETO_MA FORMACAO MULTIPLA,MORBIDADE_FETO_MA FORMACAO MULTIPLA,1.0
MORBIDADE_FETO_MA FORMACAO UNICA,MORBIDADE_FETO_MA FORMACAO UNICA,1.0
MORBIDADE_FETO_MA FORMACOES MULTIPLAS,MORBIDADE_FETO_MA FORMACOES MULTIPLAS,1.0
INTERCORRENCIAS_DPP,INTERCORRENCIAS_DPP,1.0
INTERCORRENCIAS_ECLAMPSIA,INTERCORRENCIAS_ECLAMPSIA,1.0
INTERCORRENCIAS_EDEMA AGUDO DE PULMAO,INTERCORRENCIAS_EDEMA AGUDO DE PULMAO,1.0
INTERCORRENCIAS_ESTEATOSE HEPATICA,INTERCORRENCIAS_ESTEATOSE HEPATICA,1.0
INTERCORRENCIAS_HELLP,INTERCORRENCIAS_HELLP,1.0
INTERCORRENCIAS_HIPOTONIA UTERINA,INTERCORRENCIAS_HIPOTONIA UTERINA,1.0
INTERCORRENCIAS_COLESTASE,MORBIDADE_ESTEATOSE HEPATICA,1.0
INTERCORRENCIAS_COLO CURTO,INTERCORRENCIAS_COLO CURTO,1.0
INTERCORRENCIAS_CORIOAMNIONITE,INTERCORRENCIAS_CORIOAMNIONITE,1.0
INTERCORRENCIAS_CURETAGEM POR PLACENTA ADERIDA,INTERCORRENCIAS_CURETAGEM POR PLACENTA ADERIDA,1.0
INTERCORRENCIAS_CURETAGEM POR PLACENTA ADERIDA,OCUPACAO_ANALISTA DE PLANEJAMENTO,1.0
INTERCORRENCIAS_DIASTOLE REVERSA EM AU,INTERCORRENCIAS_DIASTOLE REVERSA EM AU,1.0
INTERCORRENCIAS_DIASTOLE ZERO EM AU,INTERCORRENCIAS_DIASTOLE ZERO EM AU,1.0
INTERCORRENCIAS_DM2 DESCOMPENSADA,INTERCORRENCIAS_DM2 DESCOMPENSADA,1.0
INTERCORRENCIAS_ATONIA UTERINA,INTERCORRENCIAS_ATONIA UTERINA,1.0
INTERCORRENCIAS_BRADICARDIA FETAL,INTERCORRENCIAS_BRADICARDIA FETAL,1.0
INTERCORRENCIAS_CABECA DERRADEIRA,INTERCORRENCIAS_CABECA DERRADEIRA,1.0
INTERCORRENCIAS_CENTRALIZACAO FETAL,INTERCORRENCIAS_CENTRALIZACAO FETAL,1.0
INTERCORRENCIAS_COLESTASE,INTERCORRENCIAS_COLESTASE,1.0
INICIO_PRE_NATAL,INICIO_PRE_NATAL,1.0
INTERCORRENCIAS_ACRETISMO,INTERCORRENCIAS_ACRETISMO,1.0
INTERCORRENCIAS_ANEMIA FETAL SEVERA,INTERCORRENCIAS_ANEMIA FETAL SEVERA,1.0
INTERCORRENCIAS_ANEMIA FETAL SEVERA,MORBIDADE_ALOIMUNIZACAO,1.0
INTERCORRENCIAS_ANEMIA FETAL SEVERA,MORBIDADE_HIPEREMESE GRAVIDICA,1.0
INTERCORRENCIAS_APRESENTACAO CORMICA,INTERCORRENCIAS_APRESENTACAO CORMICA,1.0
INTERCORRENCIAS_APRESENTACAO PELVICA,INTERCORRENCIAS_APRESENTACAO PELVICA,1.0
MORBIDADE_RETOCOLITE ULCERATIVA,MEDICAMENTOS_USO_CONTINUO_MESALAZINA,1.0
MORBIDADE_RETOCOLITE ULCERATIVA,MORBIDADE_RETOCOLITE ULCERATIVA,1.0
MORBIDADE_RINS POLICISTICOS,MORBIDADE_RINS POLICISTICOS,1.0
MORBIDADE_SAAF,MORBIDADE_SAAF,1.0
MORBIDADE_SIFILIS,MORBIDADE_SIFILIS,1.0
MORBIDADE_OLIGODRAMNIO,MORBIDADE_OLIGODRAMNIO,1.0
MORBIDADE_PE,MORBIDADE_PE,1.0
MORBIDADE_PENFIGO GESTACIONAL,MORBIDADE_PENFIGO GESTACIONAL,1.0
MORBIDADE_POLIDRAMNIO,MORBIDADE_POLIDRAMNIO,1.0
MORBIDADE_PSIQUIATRICA,MORBIDADE_PSIQUIATRICA,1.0
MORBIDADE_LESAO INTRAEPITELIAL DE ALTO GRAU (NIC 2-3),MORBIDADE_CERVICITE CRONICA,1.0
MORBIDADE_LESAO INTRAEPITELIAL DE ALTO GRAU (NIC 2-3),MORBIDADE_LESAO INTRAEPITELIAL DE ALTO GRAU (NIC 2-3),1.0
MORBIDADE_LUPUS,MORBIDADE_LUPUS,1.0
MORBIDADE_MAU PASSADO OBSTETRICO,MORBIDADE_MAU PASSADO OBSTETRICO,1.0
MORBIDADE_MIOMATOSE UTERINA,MORBIDADE_MIOMATOSE UTERINA,1.0
MORBIDADE_NEFROLITIASE,MORBIDADE_NEFROLITIASE,1.0
MORBIDADE_NEUROFIBROMATOSE,MORBIDADE_NEUROFIBROMATOSE,1.0
MORBIDADE_HIV,MEDICAMENTOS_USO_CONTINUO_TARV,1.0
MORBIDADE_HIV,MORBIDADE_HIV,1.0
MORBIDADE_HPV,MORBIDADE_HPV,1.0
MORBIDADE_INCOMPETENCIA ISTMO CERVICAL,MORBIDADE_INCOMPETENCIA ISTMO CERVICAL,1.0
MORBIDADE_INCOMPETENCIA ISTO CERVICAL,MORBIDADE_INCOMPETENCIA ISTO CERVICAL,1.0
MORBIDADE_INSUFICIENCIA VENOSA,MORBIDADE_INSUFICIENCIA VENOSA,1.0
MORBIDADE_ITU,MORBIDADE_ITU,1.0
OCUPACAO_ANALISTA DE SISTEMAS,OCUPACAO_ANALISTA DE SISTEMAS,1.0
OCUPACAO_ANALISTA FINANCEIRO,OCUPACAO_ANALISTA FINANCEIRO,1.0
OCUPACAO_ASSISTENTE CONTABIL,OCUPACAO_ASSISTENTE CONTABIL,1.0
OCUPACAO_ASSISTENTE GERAL,OCUPACAO_ASSISTENTE GERAL,1.0
OCUPACAO_ATENDENTE,OCUPACAO_ATENDENTE,1.0
OCUPACAO_AUTONOMA,OCUPACAO_AUTONOMA,1.0
OCUPACAO_ADMINISTRADORA,OCUPACAO_ADMINISTRADORA,1.0
OCUPACAO_ALMOXARIFADO,OCUPACAO_ALMOXARIFADO,1.0
OCUPACAO_ANALISTA CONTABIL,OCUPACAO_ANALISTA CONTABIL,1.0
OCUPACAO_ANALISTA DE PLANEJAMENTO,INTERCORRENCIAS_CURETAGEM POR PLACENTA ADERIDA,1.0
OCUPACAO_ANALISTA DE PLANEJAMENTO,OCUPACAO_ANALISTA DE PLANEJAMENTO,1.0
MORBIDADE_TROMBOFILIA,MORBIDADE_TROMBOFILIA,1.0
MORBIDADE_UTERO BICORNO,MORBIDADE_UTERO BICORNO,1.0
MORBIDADE_UTERO SEPTADO,MORBIDADE_UTERO SEPTADO,1.0
MORBIDADE_VASA PREVIA,MORBIDADE_VASA PREVIA,1.0
MORBIDADE_VASCULITE REUMATICA,MEDICAMENTOS_USO_CONTINUO_PREDNISOLONA,1.0
MORBIDADE_VASCULITE REUMATICA,MEDICAMENTOS_USO_CONTINUO_ROUQUINOL,1.0
MORBIDADE_VASCULITE REUMATICA,MORBIDADE_VASCULITE REUMATICA,1.0
NASCIDO_VIVO,NASCIDO_VIVO,1.0
MORBIDADE_SJOGREN,MORBIDADE_SJOGREN,1.0
MORBIDADE_STREPTOCOCCUS B,MORBIDADE_STREPTOCOCCUS B,1.0
MORBIDADE_TOXOPLASMOSE,MORBIDADE_TOXOPLASMOSE,1.0
MORBIDADE_TRACO FALCIFORME,MORBIDADE_TRACO FALCIFORME,1.0
MORBIDADE_TROMBOFILIA,MEDICAMENTOS_USO_CONTINUO_OFOLATO,1.0
HABITOS_DE_VIDA_OBESIDADE,HABITOS_DE_VIDA_OBESIDADE,1.0
HABITOS_DE_VIDA_TABAGISTA,HABITOS_DE_VIDA_TABAGISTA,1.0
IG_SEMANA_FRACIONADA,IG_SEMANA_FRACIONADA,1.0
FAIXA_ETARIA_MEIA IDADE TARDIA (45-54),FAIXA_ETARIA_MEIA IDADE TARDIA (45-54),1.0
FAIXA_ETARIA_PRÉ-ADOLESCENTE (10-14),FAIXA_ETARIA_PRÉ-ADOLESCENTE (10-14),1.0
GESTA,GESTA,1.0
HABITOS_DE_VIDA_DROGADITA,HABITOS_DE_VIDA_DROGADITA,1.0
HABITOS_DE_VIDA_ETILISTA,HABITOS_DE_VIDA_ETILISTA,1.0
ETNIA_PARDA,ETNIA_PARDA,1.0
FAIXA_ETARIA_ADOLESCENTE (15-19),FAIXA_ETARIA_ADOLESCENTE (15-19),1.0
FAIXA_ETARIA_ADULTO JOVEM (20-34),FAIXA_ETARIA_ADULTO JOVEM (20-34),1.0
FAIXA_ETARIA_MEIA IDADE (40-44),FAIXA_ETARIA_MEIA IDADE (40-44),1.0
FAIXA_ETARIA_MEIA IDADE INICIAL (35-39),FAIXA_ETARIA_MEIA IDADE INICIAL (35-39),1.0
ESCOLARIDADE_2º GRAU INCOMPLETO,ESCOLARIDADE_2º GRAU INCOMPLETO,1.0
ESCOLARIDADE_3º GRAU COMPLETO,ESCOLARIDADE_3º GRAU COMPLETO,1.0
ESCOLARIDADE_3º GRAU INCOMPLETO,ESCOLARIDADE_3º GRAU INCOMPLETO,1.0
ESCOLARIDADE_NAO CONSTA,ESCOLARIDADE_NAO CONSTA,1.0
ETNIA_BRANCA,ETNIA_BRANCA,1.0
ETNIA_NEGRA,ETNIA_NEGRA,1.0
OCUPACAO_EMBALADEIRA,OCUPACAO_EMBALADEIRA,1.0
OCUPACAO_EMPACOTADOR,OCUPACAO_EMPACOTADOR,1.0
OCUPACAO_EMPRESARIA,OCUPACAO_EMPRESARIA,1.0
OCUPACAO_ENFERMEIRA,OCUPACAO_ENFERMEIRA,1.0
OCUPACAO_ENGENHEIRA,OCUPACAO_ENGENHEIRA,1.0
OCUPACAO_CABELEIREIRA,OCUPACAO_CABELEIREIRA,1.0
OCUPACAO_CONSULTORA,OCUPACAO_CONSULTORA,1.0
OCUPACAO_COSTUREIRA,OCUPACAO_COSTUREIRA,1.0
OCUPACAO_DIARISTA,OCUPACAO_DIARISTA,1.0
OCUPACAO_DO LAR,OCUPACAO_DO LAR,1.0
OCUPACAO_DOMESTICA,OCUPACAO_DOMESTICA,1.0
OCUPACAO_AUXILIAR DE ESCRITORIO,OCUPACAO_AUXILIAR DE ESCRITORIO,1.0
OCUPACAO_AUXILIAR DE EXPEDICAO,OCUPACAO_AUXILIAR DE EXPEDICAO,1.0
OCUPACAO_AUXILIAR DE PRODUCAO,OCUPACAO_AUXILIAR DE PRODUCAO,1.0
OCUPACAO_AUXILIAR DE SERVICOS GERAIS,OCUPACAO_AUXILIAR DE SERVICOS GERAIS,1.0
OCUPACAO_BABA,OCUPACAO_BABA,1.0
OCUPACAO_BALCONISTA,OCUPACAO_BALCONISTA,1.0
OCUPACAO_BANCARIA,OCUPACAO_BANCARIA,1.0
OCUPACAO_AUXILIAR ADMINISTRATIVO,OCUPACAO_AUXILIAR ADMINISTRATIVO,1.0
OCUPACAO_AUXILIAR DE ACABAMENTO,OCUPACAO_AUXILIAR DE ACABAMENTO,1.0
OCUPACAO_AUXILIAR DE ARMAZEM,OCUPACAO_AUXILIAR DE ARMAZEM,1.0
OCUPACAO_AUXILIAR DE COZINHA,OCUPACAO_AUXILIAR DE COZINHA,1.0
OCUPACAO_AUXILIAR DE ENFERMAGEM,OCUPACAO_AUXILIAR DE ENFERMAGEM,1.0
OCUPACAO_AUXILIAR DE ESCRITA FISCAL,OCUPACAO_AUXILIAR DE ESCRITA FISCAL,1.0
OCUPACAO_MERENDEIRA,OCUPACAO_MERENDEIRA,1.0
OCUPACAO_MODELISTA,OCUPACAO_MODELISTA,1.0
OCUPACAO_MOTOBOY,CATEGORIA_OCUPACAO_Outros,1.0
OCUPACAO_MOTOBOY,OCUPACAO_MOTOBOY,1.0
OCUPACAO_NAO CONSTA,OCUPACAO_NAO CONSTA,1.0
OCUPACAO_OPERADOR DE PRODUCAO,OCUPACAO_OPERADOR DE PRODUCAO,1.0
OCUPACAO_OPERADORA ADMINISTRATIVA,OCUPACAO_OPERADORA ADMINISTRATIVA,1.0
OCUPACAO_JORNALISTA,OCUPACAO_JORNALISTA,1.0
OCUPACAO_LIDER DE TURNO,OCUPACAO_LIDER DE TURNO,1.0
OCUPACAO_MANICURE,OCUPACAO_MANICURE,1.0
OCUPACAO_MANUAL,OCUPACAO_MANUAL,1.0
OCUPACAO_MEDICA,OCUPACAO_MEDICA,1.0
OCUPACAO_ESTETICISTA,OCUPACAO_ESTETICISTA,1.0
OCUPACAO_ESTILISTA,OCUPACAO_ESTILISTA,1.0
OCUPACAO_ESTUDANTE,CATEGORIA_OCUPACAO_ESTUDANTE,1.0
OCUPACAO_ESTUDANTE,OCUPACAO_ESTUDANTE,1.0
OCUPACAO_FIADEIRA,OCUPACAO_FIADEIRA,1.0
OCUPACAO_FISIOTERAPEUTA,OCUPACAO_FISIOTERAPEUTA,1.0
OCUPACAO_ENGENHEIRA,RELIGIAO_ESPIRITA,1.0
OCUPACAO_ENTREGADORA,OCUPACAO_ENTREGADORA,1.0
OCUPACAO_ESCRITURARIA,MEDICAMENTOS_USO_CONTINUO_CERCLAGEM,1.0
OCUPACAO_ESCRITURARIA,OCUPACAO_ESCRITURARIA,1.0
DESFECHO_NEONATAL_RN_NATIMORTO,DESFECHO_NEONATAL_RN_NATIMORTO,1.0
ESCOLARIDADE_1º GRAU COMPLETO,ESCOLARIDADE_1º GRAU COMPLETO,1.0
ESCOLARIDADE_1º GRAU INCOMPLETO,ESCOLARIDADE_1º GRAU INCOMPLETO,1.0
ESCOLARIDADE_2º GRAU COMPLETO,ESCOLARIDADE_2º GRAU COMPLETO,1.0
CUIDADOS_PERINATAIS_RN_UTIN,CUIDADOS_PERINATAIS_RN_UTIN,1.0
DESFECHO_NEONATAL_RN_NASCIDO VIVO,DESFECHO_NEONATAL_RN_NASCIDO VIVO,1.0
CUIDADOS_PERINATAIS_RN_NAO SE APLICA,CUIDADOS_PERINATAIS_RN_NAO SE APLICA,1.0
CUIDADOS_PERINATAIS_RN_UCIN,CUIDADOS_PERINATAIS_RN_UCIN,1.0
CLASSE_PARIDADE_PRIMIPARAS,CLASSE_PARIDADE_PRIMIPARAS,1.0
CONSULTAS_PRE_NATAIS,CONSULTAS_PRE_NATAIS,1.0
CONVENIO_Particular,CONVENIO_Particular,1.0
CONVENIO_SUS,CONVENIO_SUS,1.0
CUIDADOS_PERINATAIS_RN_ALOJAMENTO CONJUNTO,CUIDADOS_PERINATAIS_RN_ALOJAMENTO CONJUNTO,1.0
PESO_AO_NASCER,PESO_AO_NASCER,1.0
RELIGIAO_ADVENTISTA,RELIGIAO_ADVENTISTA,1.0
RELIGIAO_CATOLICA,RELIGIAO_CATOLICA,1.0
OCUPACAO_SUPERVISORA,OCUPACAO_SUPERVISORA,1.0
OCUPACAO_TECNICA DE ENFERMAGEM,OCUPACAO_TECNICA DE ENFERMAGEM,1.0
OCUPACAO_TELEFONISTA,OCUPACAO_TELEFONISTA,1.0
OCUPACAO_VENDEDORA,OCUPACAO_VENDEDORA,1.0
PARTO_VAGINAL,PARTO_VAGINAL,1.0
OCUPACAO_PROMOTORA DE VENDAS,OCUPACAO_PROMOTORA DE VENDAS,1.0
OCUPACAO_RECREADORA,OCUPACAO_RECREADORA,1.0
OCUPACAO_REPOSITORA,OCUPACAO_REPOSITORA,1.0
OCUPACAO_REVISORA,OCUPACAO_REVISORA,1.0
OCUPACAO_SERVENTE,OCUPACAO_SERVENTE,1.0
OCUPACAO_SERVICOS GERAIS,OCUPACAO_SERVICOS GERAIS,1.0
OCUPACAO_SUPERVISORA,MEDICAMENTOS_USO_CONTINUO_VIT. D,1.0
OCUPACAO_OPERADORA DE CAIXA,OCUPACAO_OPERADORA DE CAIXA,1.0
OCUPACAO_OPERADORA DE MAQUINA,OCUPACAO_OPERADORA DE MAQUINA,1.0
OCUPACAO_OPERADORA DE MAQUINAS,OCUPACAO_OPERADORA DE MAQUINAS,1.0
OCUPACAO_PEDAGOGA,OCUPACAO_PEDAGOGA,1.0
OCUPACAO_PROFESSORA,OCUPACAO_PROFESSORA,1.0
OCUPACAO_PROMOTORA,OCUPACAO_PROMOTORA,1.0
CESAREA,CESAREA,1.0
CLASSE_PARIDADE_MULTIPARAS,CLASSE_PARIDADE_MULTIPARAS,1.0
CATEGORIA_PREMATURIDADE_GRAVE (28+0 - 31+6),CATEGORIA_PREMATURIDADE_GRAVE (28+0 - 31+6),1.0
CATEGORIA_PREMATURIDADE_TARDIA (32 - 36+6),CATEGORIA_PREMATURIDADE_TARDIA (32 - 36+6),1.0
CATEGORIA_OCUPACAO_TECNOLOGIA E ENGENHARIA,CATEGORIA_OCUPACAO_TECNOLOGIA E ENGENHARIA,1.0
CATEGORIA_OCUPACAO_TRABALHOS DOMÉSTICOS,CATEGORIA_OCUPACAO_TRABALHOS DOMÉSTICOS,1.0
CATEGORIA_PREMATURIDADE_EXTREMO (< 28),CATEGORIA_PREMATURIDADE_EXTREMO (< 28),1.0
CATEGORIA_OCUPACAO_Outros,OCUPACAO_MOTOBOY,1.0
CATEGORIA_OCUPACAO_PRODUÇÃO E INDÚSTRIA,CATEGORIA_OCUPACAO_PRODUÇÃO E INDÚSTRIA,1.0
CATEGORIA_OCUPACAO_RECEPÇÃO,CATEGORIA_OCUPACAO_RECEPÇÃO,1.0
CATEGORIA_OCUPACAO_SAÚDE,CATEGORIA_OCUPACAO_SAÚDE,1.0
TIPO_DE_GESTACAO_UNICA,TIPO_DE_GESTACAO_UNICA,1.0
TIPO_PARTO_CESAREO,TIPO_PARTO_CESAREO,1.0
CATEGORIA_ESCOLARIDADE_2º GRAU,CATEGORIA_ESCOLARIDADE_2º GRAU,1.0
CATEGORIA_ESCOLARIDADE_1º GRAU,CATEGORIA_ESCOLARIDADE_1º GRAU,1.0
TIPO_PARTO_VAGINAL,TIPO_PARTO_VAGINAL,1.0
TIPO_PARTO_VAGINAL INSTRUMENTADO,TIPO_PARTO_VAGINAL INSTRUMENTADO,1.0
TIPO_SANGUINEO_MAE_A +,TIPO_SANGUINEO_MAE_A +,1.0
APGAR_5_MIN,APGAR_5_MIN,1.0
TIPO_SANGUINEO_MAE_A -,TIPO_SANGUINEO_MAE_A -,1.0
TIPO_SANGUINEO_MAE_AB +,TIPO_SANGUINEO_MAE_AB +,1.0
TIPO_SANGUINEO_MAE_AB -,TIPO_SANGUINEO_MAE_AB -,1.0
TIPO_SANGUINEO_MAE_B +,TIPO_SANGUINEO_MAE_B +,1.0
TIPO_SANGUINEO_MAE_B -,TIPO_SANGUINEO_MAE_B -,1.0
APGAR_1_MIN,APGAR_1_MIN,1.0
TIPO_SANGUINEO_MAE_O +,TIPO_SANGUINEO_MAE_O +,1.0
TIPO_SANGUINEO_MAE_O -,TIPO_SANGUINEO_MAE_O -,1.0
ABORTO,ABORTO,1.0
